"filename", "language", "JSON", "Markdown", "JavaScript", "CSS", "JavaScript JSX", "XML", "HTML", "comment", "blank", "total"
"/Users/timothyhuneck/DEV/D&P Consignments/consignment-admin/client/README.md", "Markdown", 0, 38, 0, 0, 0, 0, 0, 0, 33, 71
"/Users/timothyhuneck/DEV/D&P Consignments/consignment-admin/client/package-lock.json", "JSON", 31926, 0, 0, 0, 0, 0, 0, 0, 1, 31927
"/Users/timothyhuneck/DEV/D&P Consignments/consignment-admin/client/package.json", "JSON", 46, 0, 0, 0, 0, 0, 0, 0, 1, 47
"/Users/timothyhuneck/DEV/D&P Consignments/consignment-admin/client/public/favicon/site.webmanifest", "JSON", 1, 0, 0, 0, 0, 0, 0, 0, 0, 1
"/Users/timothyhuneck/DEV/D&P Consignments/consignment-admin/client/public/index.html", "HTML", 0, 0, 0, 0, 0, 0, 27, 0, 1, 28
"/Users/timothyhuneck/DEV/D&P Consignments/consignment-admin/client/public/manifest.json", "JSON", 25, 0, 0, 0, 0, 0, 0, 0, 1, 26
"/Users/timothyhuneck/DEV/D&P Consignments/consignment-admin/client/src/App.js", "JavaScript", 0, 0, 63, 0, 0, 0, 0, 6, 9, 78
"/Users/timothyhuneck/DEV/D&P Consignments/consignment-admin/client/src/App.test.js", "JavaScript", 0, 0, 7, 0, 0, 0, 0, 0, 2, 9
"/Users/timothyhuneck/DEV/D&P Consignments/consignment-admin/client/src/components/Activelistings.jsx", "JavaScript JSX", 0, 0, 0, 0, 77, 0, 0, 6, 11, 94
"/Users/timothyhuneck/DEV/D&P Consignments/consignment-admin/client/src/components/ActivelistingsTable.jsx", "JavaScript JSX", 0, 0, 0, 0, 134, 0, 0, 0, 3, 137
"/Users/timothyhuneck/DEV/D&P Consignments/consignment-admin/client/src/components/AllActivelistings.jsx", "JavaScript JSX", 0, 0, 0, 0, 75, 0, 0, 5, 10, 90
"/Users/timothyhuneck/DEV/D&P Consignments/consignment-admin/client/src/components/AllListings.jsx", "JavaScript JSX", 0, 0, 0, 0, 34, 0, 0, 1, 5, 40
"/Users/timothyhuneck/DEV/D&P Consignments/consignment-admin/client/src/components/AllPendinglistings.jsx", "JavaScript JSX", 0, 0, 0, 0, 80, 0, 0, 6, 11, 97
"/Users/timothyhuneck/DEV/D&P Consignments/consignment-admin/client/src/components/AllSoldlistings.jsx", "JavaScript JSX", 0, 0, 0, 0, 79, 0, 0, 5, 11, 95
"/Users/timothyhuneck/DEV/D&P Consignments/consignment-admin/client/src/components/AllUnsoldlistings.jsx", "JavaScript JSX", 0, 0, 0, 0, 65, 0, 0, 5, 11, 81
"/Users/timothyhuneck/DEV/D&P Consignments/consignment-admin/client/src/components/DashElement.jsx", "JavaScript JSX", 0, 0, 0, 0, 19, 0, 0, 0, 3, 22
"/Users/timothyhuneck/DEV/D&P Consignments/consignment-admin/client/src/components/Home.jsx", "JavaScript JSX", 0, 0, 0, 0, 153, 0, 0, 2, 6, 161
"/Users/timothyhuneck/DEV/D&P Consignments/consignment-admin/client/src/components/Loading.jsx", "JavaScript JSX", 0, 0, 0, 0, 195, 0, 0, 0, 6, 201
"/Users/timothyhuneck/DEV/D&P Consignments/consignment-admin/client/src/components/Login.jsx", "JavaScript JSX", 0, 0, 0, 0, 93, 0, 0, 2, 9, 104
"/Users/timothyhuneck/DEV/D&P Consignments/consignment-admin/client/src/components/Nav.jsx", "JavaScript JSX", 0, 0, 0, 0, 171, 0, 0, 66, 5, 242
"/Users/timothyhuneck/DEV/D&P Consignments/consignment-admin/client/src/components/Pagination.jsx", "JavaScript JSX", 0, 0, 0, 0, 69, 0, 0, 1, 8, 78
"/Users/timothyhuneck/DEV/D&P Consignments/consignment-admin/client/src/components/PendingTable.jsx", "JavaScript JSX", 0, 0, 0, 0, 132, 0, 0, 0, 3, 135
"/Users/timothyhuneck/DEV/D&P Consignments/consignment-admin/client/src/components/Pendinglistings.jsx", "JavaScript JSX", 0, 0, 0, 0, 80, 0, 0, 6, 11, 97
"/Users/timothyhuneck/DEV/D&P Consignments/consignment-admin/client/src/components/Requests.jsx", "JavaScript JSX", 0, 0, 0, 0, 223, 0, 0, 3, 10, 236
"/Users/timothyhuneck/DEV/D&P Consignments/consignment-admin/client/src/components/Search.jsx", "JavaScript JSX", 0, 0, 0, 0, 11, 0, 0, 0, 3, 14
"/Users/timothyhuneck/DEV/D&P Consignments/consignment-admin/client/src/components/SoldTable.jsx", "JavaScript JSX", 0, 0, 0, 0, 132, 0, 0, 0, 3, 135
"/Users/timothyhuneck/DEV/D&P Consignments/consignment-admin/client/src/components/Soldlistings.jsx", "JavaScript JSX", 0, 0, 0, 0, 80, 0, 0, 6, 12, 98
"/Users/timothyhuneck/DEV/D&P Consignments/consignment-admin/client/src/components/Sort.jsx", "JavaScript JSX", 0, 0, 0, 0, 40, 0, 0, 0, 7, 47
"/Users/timothyhuneck/DEV/D&P Consignments/consignment-admin/client/src/components/UnsoldTable.jsx", "JavaScript JSX", 0, 0, 0, 0, 84, 0, 0, 0, 3, 87
"/Users/timothyhuneck/DEV/D&P Consignments/consignment-admin/client/src/components/Unsoldlistings.jsx", "JavaScript JSX", 0, 0, 0, 0, 67, 0, 0, 7, 11, 85
"/Users/timothyhuneck/DEV/D&P Consignments/consignment-admin/client/src/components/UserBalance.jsx", "JavaScript JSX", 0, 0, 0, 0, 160, 0, 0, 0, 6, 166
"/Users/timothyhuneck/DEV/D&P Consignments/consignment-admin/client/src/components/UserDataOverview.jsx", "JavaScript JSX", 0, 0, 0, 0, 136, 0, 0, 1, 12, 149
"/Users/timothyhuneck/DEV/D&P Consignments/consignment-admin/client/src/components/UserListings.jsx", "JavaScript JSX", 0, 0, 0, 0, 63, 0, 0, 4, 9, 76
"/Users/timothyhuneck/DEV/D&P Consignments/consignment-admin/client/src/components/UserTransactions.jsx", "JavaScript JSX", 0, 0, 0, 0, 205, 0, 0, 6, 13, 224
"/Users/timothyhuneck/DEV/D&P Consignments/consignment-admin/client/src/components/Users.jsx", "JavaScript JSX", 0, 0, 0, 0, 96, 0, 0, 4, 10, 110
"/Users/timothyhuneck/DEV/D&P Consignments/consignment-admin/client/src/components/UsersList.jsx", "JavaScript JSX", 0, 0, 0, 0, 29, 0, 0, 0, 4, 33
"/Users/timothyhuneck/DEV/D&P Consignments/consignment-admin/client/src/components/hooks/listed.js", "JavaScript", 0, 0, 5, 0, 0, 0, 0, 0, 2, 7
"/Users/timothyhuneck/DEV/D&P Consignments/consignment-admin/client/src/components/hooks/payout.js", "JavaScript", 0, 0, 33, 0, 0, 0, 0, 0, 2, 35
"/Users/timothyhuneck/DEV/D&P Consignments/consignment-admin/client/src/components/hooks/time.js", "JavaScript", 0, 0, 5, 0, 0, 0, 0, 0, 2, 7
"/Users/timothyhuneck/DEV/D&P Consignments/consignment-admin/client/src/components/hooks/totalBalance.js", "JavaScript", 0, 0, 8, 0, 0, 0, 0, 0, 2, 10
"/Users/timothyhuneck/DEV/D&P Consignments/consignment-admin/client/src/components/hooks/totalCashouts.js", "JavaScript", 0, 0, 8, 0, 0, 0, 0, 0, 2, 10
"/Users/timothyhuneck/DEV/D&P Consignments/consignment-admin/client/src/components/hooks/totalPayout.js", "JavaScript", 0, 0, 8, 0, 0, 0, 0, 0, 2, 10
"/Users/timothyhuneck/DEV/D&P Consignments/consignment-admin/client/src/components/hooks/useDisplayList.jsx", "JavaScript JSX", 0, 0, 0, 0, 41, 0, 0, 0, 5, 46
"/Users/timothyhuneck/DEV/D&P Consignments/consignment-admin/client/src/components/hooks/useFetchData.jsx", "JavaScript JSX", 0, 0, 0, 0, 29, 0, 0, 1, 4, 34
"/Users/timothyhuneck/DEV/D&P Consignments/consignment-admin/client/src/components/hooks/useFetchDataGeneral.jsx", "JavaScript JSX", 0, 0, 0, 0, 26, 0, 0, 1, 4, 31
"/Users/timothyhuneck/DEV/D&P Consignments/consignment-admin/client/src/components/hooks/useFetchUserData.jsx", "JavaScript JSX", 0, 0, 0, 0, 21, 0, 0, 1, 4, 26
"/Users/timothyhuneck/DEV/D&P Consignments/consignment-admin/client/src/components/hooks/usePagination.jsx", "JavaScript JSX", 0, 0, 0, 0, 29, 0, 0, 1, 6, 36
"/Users/timothyhuneck/DEV/D&P Consignments/consignment-admin/client/src/components/hooks/useSearch.jsx", "JavaScript JSX", 0, 0, 0, 0, 25, 0, 0, 2, 7, 34
"/Users/timothyhuneck/DEV/D&P Consignments/consignment-admin/client/src/components/hooks/useSearchUsers.jsx", "JavaScript JSX", 0, 0, 0, 0, 25, 0, 0, 2, 7, 34
"/Users/timothyhuneck/DEV/D&P Consignments/consignment-admin/client/src/components/hooks/useSetUserDisplay.jsx", "JavaScript JSX", 0, 0, 0, 0, 31, 0, 0, 0, 5, 36
"/Users/timothyhuneck/DEV/D&P Consignments/consignment-admin/client/src/components/hooks/useSort.jsx", "JavaScript JSX", 0, 0, 0, 0, 105, 0, 0, 0, 7, 112
"/Users/timothyhuneck/DEV/D&P Consignments/consignment-admin/client/src/components/hooks/useSortPay.jsx", "JavaScript JSX", 0, 0, 0, 0, 105, 0, 0, 0, 7, 112
"/Users/timothyhuneck/DEV/D&P Consignments/consignment-admin/client/src/components/hooks/useUserList.jsx", "JavaScript JSX", 0, 0, 0, 0, 27, 0, 0, 1, 6, 34
"/Users/timothyhuneck/DEV/D&P Consignments/consignment-admin/client/src/config/firebase-config.js", "JavaScript", 0, 0, 11, 0, 0, 0, 0, 3, 4, 18
"/Users/timothyhuneck/DEV/D&P Consignments/consignment-admin/client/src/images/facebook.svg", "XML", 0, 0, 0, 0, 0, 6, 0, 1, 0, 7
"/Users/timothyhuneck/DEV/D&P Consignments/consignment-admin/client/src/images/instagram.svg", "XML", 0, 0, 0, 0, 0, 9, 0, 0, 1, 10
"/Users/timothyhuneck/DEV/D&P Consignments/consignment-admin/client/src/images/youtube.svg", "XML", 0, 0, 0, 0, 0, 10, 0, 1, 0, 11
"/Users/timothyhuneck/DEV/D&P Consignments/consignment-admin/client/src/index.css", "CSS", 0, 0, 0, 653, 0, 0, 0, 18, 0, 671
"/Users/timothyhuneck/DEV/D&P Consignments/consignment-admin/client/src/index.js", "JavaScript", 0, 0, 12, 0, 0, 0, 0, 3, 3, 18
"/Users/timothyhuneck/DEV/D&P Consignments/consignment-admin/client/src/loading.css", "CSS", 0, 0, 0, 293, 0, 0, 0, 1, 6, 300
"/Users/timothyhuneck/DEV/D&P Consignments/consignment-admin/client/src/reportWebVitals.js", "JavaScript", 0, 0, 12, 0, 0, 0, 0, 0, 2, 14
"/Users/timothyhuneck/DEV/D&P Consignments/consignment-admin/server/config/dbConn.js", "JavaScript", 0, 0, 17, 0, 0, 0, 0, 1, 2, 20
"/Users/timothyhuneck/DEV/D&P Consignments/consignment-admin/server/config/firebase.js", "JavaScript", 0, 0, 17, 0, 0, 0, 0, 0, 3, 20
"/Users/timothyhuneck/DEV/D&P Consignments/consignment-admin/server/controllers/cancelRequest.js", "JavaScript", 0, 0, 12, 0, 0, 0, 0, 0, 3, 15
"/Users/timothyhuneck/DEV/D&P Consignments/consignment-admin/server/controllers/clearActiveListings.js", "JavaScript", 0, 0, 11, 0, 0, 0, 0, 0, 0, 11
"/Users/timothyhuneck/DEV/D&P Consignments/consignment-admin/server/controllers/clearPendingListings.js", "JavaScript", 0, 0, 11, 0, 0, 0, 0, 0, 0, 11
"/Users/timothyhuneck/DEV/D&P Consignments/consignment-admin/server/controllers/deleteTransaction.js", "JavaScript", 0, 0, 33, 0, 0, 0, 0, 0, 7, 40
"/Users/timothyhuneck/DEV/D&P Consignments/consignment-admin/server/controllers/fetchUserToken.js", "JavaScript", 0, 0, 11, 0, 0, 0, 0, 0, 3, 14
"/Users/timothyhuneck/DEV/D&P Consignments/consignment-admin/server/controllers/getActive.js", "JavaScript", 0, 0, 21, 0, 0, 0, 0, 2, 5, 28
"/Users/timothyhuneck/DEV/D&P Consignments/consignment-admin/server/controllers/getAllActive.js", "JavaScript", 0, 0, 11, 0, 0, 0, 0, 0, 3, 14
"/Users/timothyhuneck/DEV/D&P Consignments/consignment-admin/server/controllers/getAllPending.js", "JavaScript", 0, 0, 11, 0, 0, 0, 0, 0, 3, 14
"/Users/timothyhuneck/DEV/D&P Consignments/consignment-admin/server/controllers/getAllSold.js", "JavaScript", 0, 0, 11, 0, 0, 0, 0, 0, 3, 14
"/Users/timothyhuneck/DEV/D&P Consignments/consignment-admin/server/controllers/getAllUnsold.js", "JavaScript", 0, 0, 11, 0, 0, 0, 0, 0, 3, 14
"/Users/timothyhuneck/DEV/D&P Consignments/consignment-admin/server/controllers/getAnalysis.js", "JavaScript", 0, 0, 11, 0, 0, 0, 0, 0, 3, 14
"/Users/timothyhuneck/DEV/D&P Consignments/consignment-admin/server/controllers/getCashoutRequest.js", "JavaScript", 0, 0, 11, 0, 0, 0, 0, 0, 3, 14
"/Users/timothyhuneck/DEV/D&P Consignments/consignment-admin/server/controllers/getPending.js", "JavaScript", 0, 0, 21, 0, 0, 0, 0, 2, 4, 27
"/Users/timothyhuneck/DEV/D&P Consignments/consignment-admin/server/controllers/getSold.js", "JavaScript", 0, 0, 21, 0, 0, 0, 0, 2, 4, 27
"/Users/timothyhuneck/DEV/D&P Consignments/consignment-admin/server/controllers/getUnsold.js", "JavaScript", 0, 0, 21, 0, 0, 0, 0, 2, 4, 27
"/Users/timothyhuneck/DEV/D&P Consignments/consignment-admin/server/controllers/getUser.js", "JavaScript", 0, 0, 12, 0, 0, 0, 0, 0, 5, 17
"/Users/timothyhuneck/DEV/D&P Consignments/consignment-admin/server/controllers/getUsers.js", "JavaScript", 0, 0, 11, 0, 0, 0, 0, 0, 4, 15
"/Users/timothyhuneck/DEV/D&P Consignments/consignment-admin/server/controllers/postCashout.js", "JavaScript", 0, 0, 37, 0, 0, 0, 0, 0, 6, 43
"/Users/timothyhuneck/DEV/D&P Consignments/consignment-admin/server/controllers/postPendingCache.js", "JavaScript", 0, 0, 12, 0, 0, 0, 0, 1, 4, 17
"/Users/timothyhuneck/DEV/D&P Consignments/consignment-admin/server/controllers/postSold.js", "JavaScript", 0, 0, 18, 0, 0, 0, 0, 0, 3, 21
"/Users/timothyhuneck/DEV/D&P Consignments/consignment-admin/server/controllers/postUnsoldPost.js", "JavaScript", 0, 0, 18, 0, 0, 0, 0, 0, 3, 21
"/Users/timothyhuneck/DEV/D&P Consignments/consignment-admin/server/controllers/saveUserToken.js", "JavaScript", 0, 0, 16, 0, 0, 0, 0, 0, 6, 22
"/Users/timothyhuneck/DEV/D&P Consignments/consignment-admin/server/controllers/updateActiveCache.js", "JavaScript", 0, 0, 12, 0, 0, 0, 0, 3, 5, 20
"/Users/timothyhuneck/DEV/D&P Consignments/consignment-admin/server/controllers/updateActiveListings.js", "JavaScript", 0, 0, 48, 0, 0, 0, 0, 0, 5, 53
"/Users/timothyhuneck/DEV/D&P Consignments/consignment-admin/server/controllers/updateAllUsers.js", "JavaScript", 0, 0, 39, 0, 0, 0, 0, 5, 4, 48
"/Users/timothyhuneck/DEV/D&P Consignments/consignment-admin/server/controllers/updateAnalysis.js", "JavaScript", 0, 0, 39, 0, 0, 0, 0, 1, 15, 55
"/Users/timothyhuneck/DEV/D&P Consignments/consignment-admin/server/controllers/updateImagesActive.js", "JavaScript", 0, 0, 34, 0, 0, 0, 0, 2, 9, 45
"/Users/timothyhuneck/DEV/D&P Consignments/consignment-admin/server/controllers/updateImagesPending.js", "JavaScript", 0, 0, 36, 0, 0, 0, 0, 1, 7, 44
"/Users/timothyhuneck/DEV/D&P Consignments/consignment-admin/server/controllers/updateImagesSold.js", "JavaScript", 0, 0, 36, 0, 0, 0, 0, 1, 7, 44
"/Users/timothyhuneck/DEV/D&P Consignments/consignment-admin/server/controllers/updateImagesUnsold.js", "JavaScript", 0, 0, 36, 0, 0, 0, 0, 1, 7, 44
"/Users/timothyhuneck/DEV/D&P Consignments/consignment-admin/server/controllers/updatePendingListings.js", "JavaScript", 0, 0, 29, 0, 0, 0, 0, 0, 6, 35
"/Users/timothyhuneck/DEV/D&P Consignments/consignment-admin/server/controllers/updateSku.js", "JavaScript", 0, 0, 22, 0, 0, 0, 0, 0, 4, 26
"/Users/timothyhuneck/DEV/D&P Consignments/consignment-admin/server/controllers/updateUser.js", "JavaScript", 0, 0, 57, 0, 0, 0, 0, 0, 11, 68
"/Users/timothyhuneck/DEV/D&P Consignments/consignment-admin/server/controllers/updateUserActive.js", "JavaScript", 0, 0, 30, 0, 0, 0, 0, 0, 5, 35
"/Users/timothyhuneck/DEV/D&P Consignments/consignment-admin/server/controllers/updateUserBalance.js", "JavaScript", 0, 0, 34, 0, 0, 0, 0, 0, 6, 40
"/Users/timothyhuneck/DEV/D&P Consignments/consignment-admin/server/controllers/updateUserCurrentBalance.js", "JavaScript", 0, 0, 25, 0, 0, 0, 0, 0, 5, 30
"/Users/timothyhuneck/DEV/D&P Consignments/consignment-admin/server/controllers/updateUserPending.js", "JavaScript", 0, 0, 30, 0, 0, 0, 0, 0, 6, 36
"/Users/timothyhuneck/DEV/D&P Consignments/consignment-admin/server/controllers/updateUserSold.js", "JavaScript", 0, 0, 30, 0, 0, 0, 0, 0, 6, 36
"/Users/timothyhuneck/DEV/D&P Consignments/consignment-admin/server/controllers/updateUserUnSold.js", "JavaScript", 0, 0, 30, 0, 0, 0, 0, 0, 6, 36
"/Users/timothyhuneck/DEV/D&P Consignments/consignment-admin/server/middleware/auth.js", "JavaScript", 0, 0, 16, 0, 0, 0, 0, 6, 1, 23
"/Users/timothyhuneck/DEV/D&P Consignments/consignment-admin/server/middleware/convertListingData.js", "JavaScript", 0, 0, 64, 0, 0, 0, 0, 0, 9, 73
"/Users/timothyhuneck/DEV/D&P Consignments/consignment-admin/server/middleware/convertPendingData.js", "JavaScript", 0, 0, 44, 0, 0, 0, 0, 1, 8, 53
"/Users/timothyhuneck/DEV/D&P Consignments/consignment-admin/server/middleware/convertSoldData.js", "JavaScript", 0, 0, 44, 0, 0, 0, 0, 1, 10, 55
"/Users/timothyhuneck/DEV/D&P Consignments/consignment-admin/server/middleware/convertUnsoldData.js", "JavaScript", 0, 0, 22, 0, 0, 0, 0, 1, 8, 31
"/Users/timothyhuneck/DEV/D&P Consignments/consignment-admin/server/model/ActiveCache.js", "JavaScript", 0, 0, 21, 0, 0, 0, 0, 0, 4, 25
"/Users/timothyhuneck/DEV/D&P Consignments/consignment-admin/server/model/Activelisting.js", "JavaScript", 0, 0, 21, 0, 0, 0, 0, 0, 4, 25
"/Users/timothyhuneck/DEV/D&P Consignments/consignment-admin/server/model/Analysis.js", "JavaScript", 0, 0, 19, 0, 0, 0, 0, 0, 5, 24
"/Users/timothyhuneck/DEV/D&P Consignments/consignment-admin/server/model/Cashoutrequests.js", "JavaScript", 0, 0, 18, 0, 0, 0, 0, 0, 4, 22
"/Users/timothyhuneck/DEV/D&P Consignments/consignment-admin/server/model/PendingCache.js", "JavaScript", 0, 0, 20, 0, 0, 0, 0, 0, 4, 24
"/Users/timothyhuneck/DEV/D&P Consignments/consignment-admin/server/model/Pendingitem.js", "JavaScript", 0, 0, 20, 0, 0, 0, 0, 0, 4, 24
"/Users/timothyhuneck/DEV/D&P Consignments/consignment-admin/server/model/Solditem.js", "JavaScript", 0, 0, 20, 0, 0, 0, 0, 0, 4, 24
"/Users/timothyhuneck/DEV/D&P Consignments/consignment-admin/server/model/Unsolditem.js", "JavaScript", 0, 0, 18, 0, 0, 0, 0, 0, 4, 22
"/Users/timothyhuneck/DEV/D&P Consignments/consignment-admin/server/model/User.js", "JavaScript", 0, 0, 44, 0, 0, 0, 0, 0, 4, 48
"/Users/timothyhuneck/DEV/D&P Consignments/consignment-admin/server/modules/payout.js", "JavaScript", 0, 0, 33, 0, 0, 0, 0, 0, 2, 35
"/Users/timothyhuneck/DEV/D&P Consignments/consignment-admin/server/modules/totalBalance.js", "JavaScript", 0, 0, 8, 0, 0, 0, 0, 0, 1, 9
"/Users/timothyhuneck/DEV/D&P Consignments/consignment-admin/server/modules/totalCashouts.js", "JavaScript", 0, 0, 8, 0, 0, 0, 0, 0, 2, 10
"/Users/timothyhuneck/DEV/D&P Consignments/consignment-admin/server/package-lock.json", "JSON", 7164, 0, 0, 0, 0, 0, 0, 0, 1, 7165
"/Users/timothyhuneck/DEV/D&P Consignments/consignment-admin/server/package.json", "JSON", 32, 0, 0, 0, 0, 0, 0, 0, 1, 33
"/Users/timothyhuneck/DEV/D&P Consignments/consignment-admin/server/routes/AnalysisRoute.js", "JavaScript", 0, 0, 8, 0, 0, 0, 0, 0, 3, 11
"/Users/timothyhuneck/DEV/D&P Consignments/consignment-admin/server/routes/acticeImagesRoute.js", "JavaScript", 0, 0, 6, 0, 0, 0, 0, 0, 3, 9
"/Users/timothyhuneck/DEV/D&P Consignments/consignment-admin/server/routes/activeListingsRoute.js", "JavaScript", 0, 0, 12, 0, 0, 0, 0, 0, 2, 14
"/Users/timothyhuneck/DEV/D&P Consignments/consignment-admin/server/routes/allActiveRoute.js", "JavaScript", 0, 0, 7, 0, 0, 0, 0, 0, 2, 9
"/Users/timothyhuneck/DEV/D&P Consignments/consignment-admin/server/routes/allPendingRoute.js", "JavaScript", 0, 0, 7, 0, 0, 0, 0, 0, 2, 9
"/Users/timothyhuneck/DEV/D&P Consignments/consignment-admin/server/routes/allSoldRoute.js", "JavaScript", 0, 0, 7, 0, 0, 0, 0, 0, 2, 9
"/Users/timothyhuneck/DEV/D&P Consignments/consignment-admin/server/routes/allUnsoldRoute.js", "JavaScript", 0, 0, 7, 0, 0, 0, 0, 0, 2, 9
"/Users/timothyhuneck/DEV/D&P Consignments/consignment-admin/server/routes/appTokenRoute.js", "JavaScript", 0, 0, 6, 0, 0, 0, 0, 0, 2, 8
"/Users/timothyhuneck/DEV/D&P Consignments/consignment-admin/server/routes/clearActiveRoute.js", "JavaScript", 0, 0, 6, 0, 0, 0, 0, 0, 2, 8
"/Users/timothyhuneck/DEV/D&P Consignments/consignment-admin/server/routes/clearPendingRoute.js", "JavaScript", 0, 0, 6, 0, 0, 0, 0, 0, 2, 8
"/Users/timothyhuneck/DEV/D&P Consignments/consignment-admin/server/routes/deleteCashoutRoute.js", "JavaScript", 0, 0, 6, 0, 0, 0, 0, 0, 3, 9
"/Users/timothyhuneck/DEV/D&P Consignments/consignment-admin/server/routes/getPendingRoute.js", "JavaScript", 0, 0, 7, 0, 0, 0, 0, 0, 3, 10
"/Users/timothyhuneck/DEV/D&P Consignments/consignment-admin/server/routes/getUserRoute.js", "JavaScript", 0, 0, 7, 0, 0, 0, 0, 0, 4, 11
"/Users/timothyhuneck/DEV/D&P Consignments/consignment-admin/server/routes/getUsersRoute.js", "JavaScript", 0, 0, 8, 0, 0, 0, 0, 0, 4, 12
"/Users/timothyhuneck/DEV/D&P Consignments/consignment-admin/server/routes/pendingImagesRoute.js", "JavaScript", 0, 0, 6, 0, 0, 0, 0, 0, 3, 9
"/Users/timothyhuneck/DEV/D&P Consignments/consignment-admin/server/routes/pendingRoute.js", "JavaScript", 0, 0, 12, 0, 0, 0, 0, 0, 2, 14
"/Users/timothyhuneck/DEV/D&P Consignments/consignment-admin/server/routes/postCashoutRoute.js", "JavaScript", 0, 0, 6, 0, 0, 0, 0, 0, 3, 9
"/Users/timothyhuneck/DEV/D&P Consignments/consignment-admin/server/routes/requestRoute.js", "JavaScript", 0, 0, 9, 0, 0, 0, 0, 0, 2, 11
"/Users/timothyhuneck/DEV/D&P Consignments/consignment-admin/server/routes/soldImagesRoute.js", "JavaScript", 0, 0, 6, 0, 0, 0, 0, 0, 3, 9
"/Users/timothyhuneck/DEV/D&P Consignments/consignment-admin/server/routes/soldRoute.js", "JavaScript", 0, 0, 10, 0, 0, 0, 0, 0, 2, 12
"/Users/timothyhuneck/DEV/D&P Consignments/consignment-admin/server/routes/unsoldImagesRoute.js", "JavaScript", 0, 0, 6, 0, 0, 0, 0, 0, 3, 9
"/Users/timothyhuneck/DEV/D&P Consignments/consignment-admin/server/routes/unsoldRoute.js", "JavaScript", 0, 0, 10, 0, 0, 0, 0, 0, 2, 12
"/Users/timothyhuneck/DEV/D&P Consignments/consignment-admin/server/routes/updateSkuRoute.js", "JavaScript", 0, 0, 6, 0, 0, 0, 0, 0, 2, 8
"/Users/timothyhuneck/DEV/D&P Consignments/consignment-admin/server/routes/updateUserActiveRoute.js", "JavaScript", 0, 0, 6, 0, 0, 0, 0, 0, 2, 8
"/Users/timothyhuneck/DEV/D&P Consignments/consignment-admin/server/routes/updateUserBalanceRoute.js", "JavaScript", 0, 0, 6, 0, 0, 0, 0, 0, 2, 8
"/Users/timothyhuneck/DEV/D&P Consignments/consignment-admin/server/routes/updateUserCurrentBalanceRoute.js", "JavaScript", 0, 0, 6, 0, 0, 0, 0, 0, 2, 8
"/Users/timothyhuneck/DEV/D&P Consignments/consignment-admin/server/routes/updateUserPendingRoute.js", "JavaScript", 0, 0, 6, 0, 0, 0, 0, 0, 2, 8
"/Users/timothyhuneck/DEV/D&P Consignments/consignment-admin/server/routes/updateUserRoute.js", "JavaScript", 0, 0, 6, 0, 0, 0, 0, 0, 2, 8
"/Users/timothyhuneck/DEV/D&P Consignments/consignment-admin/server/routes/updateUserSoldRoute.js", "JavaScript", 0, 0, 6, 0, 0, 0, 0, 0, 2, 8
"/Users/timothyhuneck/DEV/D&P Consignments/consignment-admin/server/routes/updateUserUnSoldRoute.js", "JavaScript", 0, 0, 6, 0, 0, 0, 0, 0, 2, 8
"/Users/timothyhuneck/DEV/D&P Consignments/consignment-admin/server/routes/userTokenRoute.js", "JavaScript", 0, 0, 8, 0, 0, 0, 0, 0, 3, 11
"/Users/timothyhuneck/DEV/D&P Consignments/consignment-admin/server/server.js", "JavaScript", 0, 0, 63, 0, 0, 0, 0, 19, 13, 95
"/Users/timothyhuneck/DEV/D&P Consignments/consignment-admin/server/test.js", "JavaScript", 0, 0, 10, 0, 0, 0, 0, 10, 6, 26
"Total", "-", 39194, 38, 1859, 946, 3246, 25, 27, 240, 726, 46301